59, 20170101, 01:00:01, 13, 9433.11, 4215.07, 710.77, 3276, 450.57, 157.69, 0, 9.44, 14.98, 1.31, 30.56, 51.47, 0, 15.46, 0, 0, 55.21, 1, -0.05, 26.32, 28.09, 41.57, 1.16, 5.16, 0.58, 1.33, 0.43, 0.1, 1.2, 272, 267.74, 255, 261, 19.9, 33.74, 0, 17.55, 0, 98.13, 94.23, 85.07, 75.94, 6.98, 600.63, 1632.64, 48.71, 654.91, 71.6, 8.15, 47.39, 8.5, 11, 19.91, 34.11, 56.17, 85.36, 10.17, 66.83, 91.93, 2.88, 86.55, 82.82, 6.2, 2110.7, 736.75, 16.07, 78.03, 64.93, 28.96, 79.17, 12.36, 31.89, 5.9, 31.18, 1433.38, 0, 2.37, 0.24, 20.71, 1.24, 5.74, 56, 15.81, 36.57, 0, 33.79, 250.16, 1208.47, 42.95, 76.69, 47.37, 75.7, 84.57, 16.01, 12.62, 838.12, 3254.78, 6.12, 1370, 0, 40.59, 0A000, 0.36, 1.57, 45, 41.69, 54.52, 41.6, 15.33, 79.68, 28.76, 91.2, 43.14, 7.66, 78.09, 63.7, 81.88
59, 20170101, 01:00:02, 19, 9500.11, 4641.8, 701.79, 3276, 450.46, 298.42, 0, 9.32, 16.95, 1.39, 5.33, 51.47, 0, 15.46, 1, 0, 55.21, 1, -0.03, 26.32, 28.09, 41.57, 1.1, 5.16, 0.58, 1.33, 0.46, 0.09, 1.19, 272, 265.02, 255, 260, 18.7, 12.75, 9.37, 17.55, 0, 98.13, 94.23, 85.07, 75.94, 6.98, 594.56, 1596.87, 48.71, 684.91, 71.6, 8.15, 47.39, 8.2, 11, 19.91, 33.9, 56.17, 85.36, 10.17, 66.83, 91.93, 2.88, 86.55, 82.82, 3.14, 2123.7, 736.75, 16.07, 78.03, 64.8, 33.74, 79.17, 7.44, 32.96, 6, 31.18, 1416.74, 0, 2.37, -0.76, 20.71, 1.24, 4.9, 56, 15.81, 36.57, 0, 33.79, 271.16, 1210.47, 42.95, 76.69, 47.37, 75.7, 84.57, 16.01, 12.62, 841.12, 3352.78, 6.12, 1400, 0, 41.97, 0A000, 0.57, 1.61, 45, 38.58, 54.95, 40.93, 15.14, 81.92, 28.76, 91.2, 43.14, 7.66, 78.09, 63.7, 81.88
59, 20170101, 01:00:03, 25, 3403.94, 4739.55, 578.54, 3276, 450.48, 103.09, 0, 8.57, 6.82, 1.31, 17.99, 51.47, 0, 15.46, 1, 0, 55.21, 0, -0.01, 26.32, 28.09, 41.57, 1.1, 5.16, 0.58, 1.33, 0.46, 0.1, 1.2, 272, 265.23, 255, 260, 17.96, 13.22, 9.42, 17.55, 0, 98.13, 94.23, 85.07, 75.94, 6.98, 595.04, 1575.93, 48.71, 714.91, 71.6, 8.15, 47.39, 8.2, 4, 19.91, 33.25, 56.17, 85.36, 10.17, 66.83, 91.93, 2.88, 86.55, 82.82, 3.14, 2136.7, 736.75, 16.07, 78.03, 64.98, 32.84, 79.17, 7.57, 33.97, 6, 31.18, 1416.5, 0, 2.37, -1.76, 20.71, 1.2, 4.47, 55, 15.81, 36.57, 0, 33.79, 292.16, 1212.47, 42.95, 76.69, 47.37, 75.7, 84.57, 16.01, 12.62, 844.12, 3450.78, 6.12, 1400, 3.36, 40.67, 0A000, 0.59, 1.63, 45, 39.28, 53.74, 41.61, 17.11, 81.07, 28.76, 91.2, 43.14, 7.66, 78.09, 63.7, 81.88
59, 20170101, 01:00:04, 31, 3470.94, 4536.06, 925.41, 3276, 449.74, 302.15, -0.01, 9.05, 5.49, 3.47, 8.93, 51.47, 0, 15.46, 1, 0, 55.21, 0, 0.01, 26.32, 28.09, 41.57, 1.1, 5.16, 0.58, 1.33, 0.46, 0.09, 1.2, 272, 264.98, 255, 260, 17.31, 11.91, 9.36, 17.55, 0, 98.13, 94.23, 85.07, 75.94, 6.98, 650.55, 1594.27, 48.71, 744.91, 71.6, 8.15, 47.39, 8.2, 4, 19.91, 33.58, 56.17, 85.36, 10.17, 66.83, 91.93, 2.88, 86.55, 82.82, 2.83, 2149.7, 736.75, 16.07, 78.03, 65.17, 33.34, 79.17, 7.72, 32.24, 5.9, 31.18, 1414.42, 0, 2.37, -2.76, 20.71, 1.22, 3.68, 55, 15.81, 36.57, 0, 33.79, 313.16, 1214.47, 42.95, 76.69, 47.37, 75.7, 84.57, 16.01, 12.62, 847.12, 3548.78, 6.12, 1400, 3.25, 39.84, 0A000, 0.58, 1.63, 45, 37.85, 55.53, 42.69, 17.47, 79.24, 28.76, 91.2, 43.14, 7.66, 78.09, 63.7, 81.88
59, 20170101, 01:00:05, 23, 3537.94, 5055.66, 1007.74, 3276, 450.76, 295.46, 0, 9.94, 5.51, 3.27, 3.07, 51.47, 0, 15.46, 1, 0, 55.21, 0, 0.02, 26.32, 28.09, 41.57, 1.1, 5.16, 0.58, 1.33, 0.46, 0.09, 1.2, 272, 265.15, 255, 260, 17.17, 12.1, 8.66, 17.55, 0, 98.13, 94.23, 85.07, 75.94, 6.98, 549.55, 1560.53, 48.71, 774.91, 71.6, 8.15, 47.39, 8.2, 4, 19.91, 32.91, 56.17, 85.36, 10.17, 66.83, 91.93, 2.88, 86.55, 82.82, 2.91, 2162.7, 736.75, 16.07, 78.03, 64.86, 31.46, 79.17, 7.49, 33.31, 5.9, 31.18, 1424.08, -0.1, 2.37, -3.76, 20.71, 1.22, 4.11, 55, 15.81, 36.57, 0, 33.79, 334.16, 1216.47, 42.95, 76.69, 47.37, 75.7, 84.57, 16.01, 12.62, 850.12, 3646.78, 6.12, 1400, 3.17, 40.25, 0A000, 0.56, 1.63, 45, 41.23, 57.1, 40.79, 18.42, 77.35, 28.76, 91.2, 43.14, 7.66, 78.09, 63.7, 81.88
59, 20170101, 01:00:06, 29, 3604.94, 5356.1, 970.19, 3276, 450.13, 165.62, 0, 9.57, 5.42, 3.46, 19.88, 51.47, 0, 15.46, 1, 0, 55.21, 0, 0.04, 26.32, 28.09, 41.57, 1.1, 5.16, 0.58, 1.33, 0.46, 0.1, 1.2, 272, 264.97, 255, 260, 16.79, 11.83, 9.09, 17.55, 0, 98.13, 94.23, 85.07, 75.94, 6.98, 1573.18, 1607.3, 48.71, 804.91, 71.6, 8.15, 47.39, 8, 4, 19.91, 32.54, 56.17, 85.36, 10.17, 66.83, 91.93, 2.88, 86.55, 82.82, 3.06, 2175.7, 736.75, 16.07, 78.03, 65.05, 35.2, 79.17, 7.57, 35.55, 5.9, 31.18, 1426.91, -0.1, 2.37, -4.76, 20.71, 1.22, 4.69, 55, 15.81, 36.57, 0, 33.79, 355.16, 1218.47, 42.95, 76.69, 47.37, 75.7, 84.57, 16.01, 12.62, 853.12, 3744.78, 6.12, 1400, 3.98, 40.78, 0A000, 0.59, 1.62, 45, 41.88, 54.3, 41.9, 17.69, 77.64, 28.76, 91.2, 43.14, 7.66, 78.09, 63.7, 81.88
59, 20170101, 01:00:07, 35, 3671.94, 4555.77, 937.2, 3276, 449.97, 298.71, 0, 8.88, 5.55, 3.52, 22.59, 51.47, 0, 15.46, 1, 0, 55.21, 0, 0.01, 26.32, 28.09, 41.57, 1.1, 5.16, 0.58, 1.33, 0.46, 0.1, 1.2, 272, 264.96, 255, 260, 19.35, 12.13, 9.6, 17.55, 0, 98.13, 94.23, 85.07, 75.94, 6.98, 1558.55, 1630, 48.71, 834.91, 71.6, 8.15, 47.39, 8, 4, 19.91, 33.2, 56.17, 85.36, 10.17, 66.83, 91.93, 2.88, 86.55, 82.82, 3.04, 2188.7, 736.75, 16.07, 78.03, 65.4, 35.58, 79.17, 7.66, 32.72, 5.9, 31.18, 1432.65, -0.1, 2.37, -5.76, 20.71, 1.22, 3.97, 55, 15.81, 36.57, 0, 33.79, 376.16, 1220.47, 42.95, 76.69, 47.37, 75.7, 84.57, 16.01, 12.62, 198.21, 3842.78, 6.12, 1400, 3.21, 40.67, 0A000, 0.58, 1.56, 45, 40.89, 54.13, 42.54, 16.34, 79.55, 28.76, 91.2, 43.14, 7.66, 78.09, 63.7, 81.88
59, 20170101, 01:00:08, 41, 3738.94, 3632.37, 1002.46, 3276, 450.86, -1.19, 0, 10.11, 5.47, 3.41, 17.48, 51.47, 0, 15.46, 1, 0, 55.21, 0, 0.03, 26.32, 28.09, 41.57, 1.1, 5.16, 0.58, 1.33, 0.46, 0.1, 1.2, 272, 265.16, 255, 260, 18.64, 11.89, 9.09, 17.55, 0, 98.13, 94.23, 85.07, 75.94, 6.98, 1540.37, 1649.05, 48.71, 864.91, 71.6, 8.15, 47.39, 8, 4, 19.91, 34, 56.17, 85.36, 10.17, 66.83, 91.93, 2.88, 86.55, 82.82, 2.96, 2201.7, 736.75, 16.07, 78.03, 65.19, 30.69, 79.17, 7.65, 33.85, 5.9, 31.18, 1421.33, -0.1, 2.37, -6.76, 20.71, 1.22, 4.44, 55, 15.81, 36.57, 0, 33.79, 397.16, 1222.47, 42.95, 76.69, 47.37, 75.7, 84.57, 16.01, 12.62, 135.34, 3940.78, 6.12, 1400, 3.92, 40.51, 0A000, 0.57, 1.74, 45, 43.78, 54.95, 42.35, 17.14, 75.7, 28.76, 91.2, 43.14, 7.66, 78.09, 63.7, 81.88
59, 20170101, 01:00:09, 47, 3805.94, 4157.59, 1018.12, 3276, 450.25, 157.27, 0, 9.41, 5.64, 3.48, 21.43, 51.47, 0, 15.46, 1, 0, 55.21, 0, -0, 26.32, 28.09, 41.57, 1.1, 5.16, 0.58, 1.33, 0.46, 0.09, 1.2, 272, 264.98, 255, 260, 17.58, 12.29, 8.69, 17.55, 455, 98.13, 94.23, 85.07, 75.94, 6.98, 1504.71, 1569.77, 48.71, 894.91, 71.6, 8.15, 47.39, 8, 4, 19.91, 34.96, 56.17, 85.36, 10.17, 66.83, 91.93, 2.88, 86.55, 82.82, 3.11, 2214.7, 736.75, 16.07, 78.03, 65.2, 34.29, 79.17, 7.53, 33.18, 5.9, 31.18, 1424.73, -0.1, 2.37, -7.76, 20.71, 1.24, 3.92, 55, 15.81, 36.57, 0, 33.79, 418.16, 1224.47, 42.95, 76.69, 47.37, 75.7, 84.57, 16.01, 12.62, 138.34, 4038.78, 6.12, 1400, 3.09, 41.18, 0A000, 0.59, 1.67, 45, 40, 55.93, 42.63, 18.46, 77.47, 28.76, 91.2, 43.14, 7.66, 78.09, 63.7, 81.88
59, 20170101, 01:00:10, 6, 3872.94, 4031.29, 972.95, 3276, 450.86, 301.26, 0, 9.77, 5.63, 3.52, 6.51, 51.47, 0, 15.46, 1, 0, 55.21, 0, 0.03, 26.32, 28.09, 41.57, 1.1, 5.16, 0.58, 1.33, 0.46, 0.09, 1.2, 272, 265.06, 255, 260, 17.44, 10.69, 9.68, 17.55, 455, 98.13, 94.23, 85.07, 75.94, 6.98, 1572.48, 1577.79, 48.71, 924.91, 71.6, 8.15, 47.39, 8, 4, 19.91, 33.89, 56.17, 85.36, 10.17, 66.83, 91.93, 2.88, 86.55, 82.82, 3.01, 2227.7, 736.75, 16.07, 78.03, 65.01, 31.1, 79.17, 7.47, 32.85, 5.9, 31.18, 1423.45, -0.1, 2.37, -8.76, 20.71, 1.24, 4.42, 55, 15.81, 36.57, 0, 33.79, 439.16, 1226.47, 42.95, 76.69, 47.37, 75.7, 84.57, 16.01, 12.62, 71.41, 2217.48, 6.12, 1400, 4.25, 40.03, 0A000, 0.58, 1.72, 45, 43.87, 55.68, 42.55, 17.62, 80.01, 28.76, 91.2, 43.14, 7.66, 78.09, 63.7, 81.88
59, 20170101, 01:00:11, 12, 3939.94, 4664.86, 955.36, 3276, 450.58, 14.38, 0, 9.51, 5.49, 3.42, 17.03, 51.47, 0, 15.46, 1, 0, 55.21, 0, 0.03, 26.32, 28.09, 41.57, 1.1, 5.16, 0.58, 1.33, 0.46, 0.1, 1.2, 272, 265.13, 255, 260, 17.47, 11.4, 8.46, 17.55, 455, 98.13, 94.23, 85.07, 75.94, 6.98, 1535.07, 1593.43, 48.71, 954.91, 71.6, 8.15, 47.39, 8, 4, 19.91, 32.81, 56.17, 85.36, 10.17, 66.83, 91.93, 2.88, 86.55, 82.82, 3.07, 2240.7, 736.75, 16.07, 78.03, 65.03, 33.27, 79.17, 7.56, 34.47, 5.9, 31.18, 1426.31, -0.1, 2.37, -9.76, 20.71, 1.2, 3.87, 55, 15.81, 36.57, 0, 33.79, 460.16, 1228.47, 42.95, 76.69, 47.37, 75.7, 84.57, 16.01, 12.62, 45.46, 1490.81, 6.12, 1400, 3.39, 39.3, 0A000, 0.57, 1.59, 45, 37.63, 55.66, 44.99, 17.73, 78.95, 28.76, 91.2, 43.14, 7.66, 78.09, 63.7, 81.88
59, 20170101, 01:00:12, 18, 1337.56, 4789.35, 968.86, 3276, 449.7, 4.49, 0, 8.97, 5.85, 3.19, 6.11, 51.47, 0, 15.46, 1, 0, 55.21, 0, 0.01, 26.32, 28.09, 41.57, 1.1, 5.16, 0.58, 1.33, 0.46, 0.1, 1.2, 272, 265.06, 255, 260, 19.28, 11.36, 9.63, 17.55, 455, 98.13, 94.23, 85.07, 75.94, 6.98, 1537.77, 1621.6, 48.71, 984.91, 71.6, 8.15, 47.39, 8, 4, 19.91, 33.76, 56.17, 85.36, 10.17, 66.83, 91.93, 2.88, 86.55, 82.82, 3.16, 2253.7, 736.75, 16.07, 78.03, 65.13, 32.65, 79.17, 7.54, 31.23, 6, 31.18, 1436.33, -0.1, 2.37, -10.76, 20.71, 1.24, 4.51, 55, 15.81, 36.57, 0, 33.79, 481.16, 1230.47, 42.95, 76.69, 47.37, 75.7, 84.57, 16.01, 12.62, 48.46, 1588.81, 6.12, 1400, 3.53, 41.43, 0A000, 0.57, 1.68, 45, 38.03, 54.67, 45.02, 16.67, 81.04, 28.76, 91.2, 43.14, 7.66, 78.09, 63.7, 81.88
59, 20170101, 01:00:13, 24, 1404.56, 3758.33, 970.8, 3276, 450.35, 302.14, 0, 9.03, 5.51, 3.26, 20.13, 51.47, 0, 15.46, 1, 0, 55.21, 0, 0.01, 26.32, 28.09, 41.57, 1.1, 5.16, 0.56, 1.33, 0.46, 0.1, 1.2, 272, 265, 255, 260, 16.53, 10.74, 9.11, 17.55, 455, 98.13, 94.23, 85.07, 75.94, 6.98, 1561.6, 1560.98, 48.71, 1014.91, 71.6, 8.15, 47.39, 8, 4, 19.91, 34.62, 56.17, 85.36, 10.17, 66.83, 91.93, 2.88, 86.55, 82.82, 3.16, 2266.7, 736.75, 16.07, 78.03, 65.13, 34.15, 79.17, 7.54, 33.06, 6, 31.18, 1417.57, -0.1, 2.37, -11.76, 20.71, 1.2, 5.05, 55, 15.81, 36.57, 0, 33.79, 502.16, 1232.47, 42.95, 76.69, 47.37, 75.7, 84.57, 16.01, 12.62, 51.46, 1686.81, 6.12, 1400, 3.77, 42.21, 0A000, 0.61, 1.73, 45, 38.35, 55.07, 45.01, 16.66, 78.58, 28.76, 91.2, 43.14, 7.66, 78.09, 63.7, 81.88
59, 20170101, 01:00:14, 18, 709.26, 3831.66, 1103.07, 3276, 450.31, 292.75, 0, 9.33, 5.67, 3.5, 4.34, 51.47, 0, 15.46, 1, 0, 55.21, 0, 0.07, 26.32, 28.09, 41.57, 1.1, 5.16, 0.54, 1.33, 0.46, 0.09, 1.2, 272, 264.97, 255, 260, 19.75, 11.1, 8.89, 17.55, 455, 98.13, 94.23, 85.07, 75.94, 6.98, 1538.79, 1567.91, 48.71, 1044.91, 71.6, 8.15, 47.39, 8, 4, 19.91, 34.66, 56.17, 85.36, 10.17, 66.83, 91.93, 2.88, 86.55, 82.82, 3.14, 2279.7, 736.75, 16.07, 78.03, 64.97, 31.51, 79.17, 7.47, 32.99, 6, 31.18, 1423.54, -0.1, 2.37, -12.76, 20.71, 1.22, 3.8, 55, 15.81, 36.57, 0, 33.79, 523.16, 1234.47, 42.95, 76.69, 47.37, 75.7, 84.57, 16.01, 12.62, 54.46, 1784.81, 6.12, 1400, 3.79, 41.08, 0A000, 0.61, 1.71, 45, 41.17, 54.94, 45.08, 17.78, 82.58, 28.76, 91.2, 43.14, 7.66, 78.09, 63.7, 81.88
59, 20170101, 01:00:15, 23, 592.59, 4310.23, 1110.97, 3276, 450.45, 155.35, 0, 9.78, 5.56, 3.61, 25.64, 51.47, 0, 15.46, 1, 0, 55.21, 0, 0.01, 26.32, 28.09, 41.57, 1.1, 5.16, 0.54, 1.33, 0.46, 0.09, 1.2, 272, 264.85, 255, 260, 19.26, 11.87, 9.59, 17.55, 455, 98.13, 94.23, 85.07, 75.94, 6.98, 1551.26, 1601, 48.71, 1074.91, 71.6, 8.15, 47.39, 8, 4, 19.91, 31.88, 56.17, 85.36, 10.17, 66.83, 91.93, 2.88, 86.55, 82.82, 3.07, 2292.7, 736.75, 16.07, 78.03, 64.9, 29.6, 79.17, 7.57, 34.28, 6, 31.18, 1422.7, -0.1, 2.37, -13.76, 20.71, 1.22, 4.51, 55, 15.81, 36.57, 0, 33.79, 544.16, 1236.47, 42.95, 76.69, 47.37, 75.7, 84.57, 16.01, 12.62, 57.46, 1882.81, 6.12, 1400, 3.34, 40.43, 0A000, 0.62, 1.72, 45, 39.73, 55.7, 45.03, 20.09, 79.16, 28.76, 91.2, 43.14, 7.66, 78.09, 63.7, 81.88
59, 20170101, 01:00:16, 29, 659.59, 4074.13, 1118.35, 3276, 450.68, 301.63, 0, 8.74, 5.36, 3.46, 4.38, 51.47, 0, 15.46, 1, 0, 55.21, 0, -0.01, 26.32, 28.09, 41.57, 1.1, 5.16, 0.54, 1.33, 0.46, 0.1, 1.2, 272, 265.11, 255, 260, 18.53, 10.37, 9.16, 17.55, 455, 98.13, 94.23, 85.07, 75.94, 6.98, 1547.75, 1582.53, 48.71, 1104.91, 71.6, 8.15, 47.39, 8, 4, 19.91, 32.97, 56.17, 85.36, 10.17, 66.83, 91.93, 2.88, 86.55, 82.82, 3.06, 2305.7, 736.75, 16.07, 78.03, 65.24, 30.4, 79.17, 7.7, 34.34, 6, 31.18, 1431.36, -0.1, 2.37, -14.76, 20.71, 1.2, 4.06, 55, 15.81, 36.57, 0, 33.79, 565.16, 1238.47, 42.95, 76.69, 47.37, 75.7, 84.57, 16.01, 12.62, 60.46, 1916.33, 6.12, 1410, 3.81, 41, 0A000, 0.59, 1.71, 45, 40.37, 54.64, 45.02, 20.05, 78.66, 28.76, 91.2, 43.14, 7.66, 78.09, 63.7, 81.88
59, 20170101, 01:00:17, 35, 726.59, 3958.9, 1120.96, 3276, 451.51, 297.22, 0, 7.77, 5.66, 3.67, 9.65, 51.47, 0, 15.46, 1, 0, 55.21, 0, -0.04, 26.32, 28.09, 41.57, 1.1, 5.16, 0.54, 1.33, 0.46, 0.09, 1.2, 272, 265.03, 255, 260, 19.02, 11.24, 8.6, 17.55, 455, 98.13, 94.23, 85.07, 75.94, 6.98, 1540.28, 1576.21, 48.71, 1134.91, 71.6, 8.15, 47.39, 8, 4, 19.91, 33.46, 56.17, 85.36, 10.17, 66.83, 91.93, 2.88, 86.55, 82.82, 3.1, 2318.7, 736.75, 16.07, 78.03, 65, 32.65, 79.17, 7.61, 34.15, 5.9, 31.18, 1418.14, -0.1, 2.37, -15.76, 20.71, 1.22, 4.53, 55, 15.81, 36.57, 0, 33.79, 586.16, 1240.47, 42.95, 76.69, 47.37, 75.7, 84.57, 16.01, 12.62, 63.46, 2014.33, 6.12, 1410, 3.43, 40.49, 0A000, 0.6, 1.73, 45, 39.12, 55.96, 45.04, 20.38, 81.61, 28.76, 91.2, 43.14, 7.66, 78.09, 63.7, 81.88
59, 20170101, 01:00:18, 41, 793.59, 4766.41, 1094.95, 3276, 450.65, 29.15, 0, 10.36, 5.43, 3.29, 16.55, 51.47, 0, 15.46, 1, 0, 55.21, 0, -0, 26.32, 28.09, 41.57, 1.1, 5.16, 0.54, 1.33, 0.46, 0.08, 1.2, 272, 265.13, 255, 260, 18.11, 11.28, 9.35, 17.55, 455, 98.13, 94.23, 85.07, 75.94, 6.98, 1568.4, 1626.8, 48.71, 1164.91, 71.6, 8.15, 47.39, 8, 4, 19.91, 32.69, 56.17, 85.36, 10.17, 66.83, 91.93, 2.88, 86.55, 82.82, 2.99, 2331.7, 736.75, 16.07, 78.03, 65.32, 32.7, 79.17, 7.48, 33.41, 5.9, 31.18, 1422.92, -0.1, 2.37, -16.76, 20.71, 1.22, 3.9, 56, 15.81, 36.57, 0, 33.79, 607.16, 1242.47, 42.95, 76.69, 47.37, 75.7, 84.57, 16.01, 12.62, 66.46, 2112.33, 6.12, 1410, 3.34, 41.1, 0A000, 0.61, 1.68, 45, 38.8, 56.5, 45.01, 20.4, 80.56, 28.76, 91.2, 43.14, 7.66, 78.09, 63.7, 81.88
59, 20170101, 01:00:19, 47, 377.6, 4430.68, 1106.98, 3276, 451.81, 263.1, 0, 9.15, 5.56, 3.47, 8.87, 51.47, 0, 15.46, 1, 0, 55.21, 0, -0.01, 26.32, 28.09, 41.57, 1.1, 5.16, 0.54, 1.33, 0.46, 0.09, 1.2, 272, 265.02, 255, 260, 18.5, 10.69, 9.45, 17.55, 455, 98.13, 94.23, 85.07, 75.94, 6.98, 1559.95, 1573.74, 48.71, 1194.91, 71.6, 8.15, 47.39, 8, 4, 19.91, 34.55, 56.17, 85.36, 10.17, 66.83, 91.93, 2.88, 86.55, 82.82, 3.11, 2344.7, 736.75, 16.07, 78.03, 65.2, 32.47, 79.17, 7.24, 33.39, 6, 31.18, 1426.49, -0.1, 2.37, -17.76, 20.71, 1.24, 4.47, 56, 15.81, 36.57, 0, 33.79, 628.16, 1244.47, 42.95, 76.69, 47.37, 75.7, 84.57, 16.01, 12.62, 69.46, 1534.97, 6.12, 1410, 4.26, 39.53, 0A000, 0.64, 1.69, 45, 40.03, 57.41, 45.04, 19.73, 80.58, 28.76, 91.2, 43.14, 7.66, 78.09, 63.7, 81.88
59, 20170101, 01:00:20, 53, 444.6, 4598.4, 1094.3, 3276, 450.33, 297.53, 0, 8.54, 5.7, 3.3, 26.23, 51.47, 0, 15.46, 1, 0, 55.21, 0, -0.02, 26.32, 28.09, 41.57, 1.1, 5.16, 0.56, 1.33, 0.46, 0.09, 1.2, 272, 264.91, 255, 260, 18, 10.81, 9.42, 17.55, 455, 98.13, 94.23, 85.07, 75.94, 6.98, 1574.35, 1578.39, 48.71, 1224.91, 71.6, 8.15, 47.39, 8, 4, 19.91, 33.66, 56.17, 85.36, 10.17, 66.83, 91.93, 2.88, 86.55, 82.82, 3.08, 2357.7, 736.75, 16.07, 78.03, 65.23, 32.06, 79.17, 7.63, 34.17, 6, 31.18, 1415.12, -0.1, 2.37, -18.76, 20.71, 1.2, 4.38, 56, 15.81, 36.57, 0, 33.79, 649.16, 1246.47, 42.95, 76.69, 47.37, 75.7, 84.57, 16.01, 12.62, 48.12, 1632.97, 6.12, 1410, 3.63, 40.68, 0A000, 0.65, 1.69, 45, 37.66, 55.51, 45.01, 19.43, 79.89, 28.76, 91.2, 43.14, 7.66, 78.09, 63.7, 81.88
59, 20170101, 01:00:21, 59, 456.35, 4090.09, 1103.57, 3276, 449.82, 301.12, -0.01, 9.54, 5.59, 3.5, 12.56, 51.47, 0, 15.46, 1, 0, 55.21, 0, -0.03, 26.32, 28.09, 41.57, 1.1, 5.16, 0.56, 1.33, 0.46, 0.09, 1.2, 272, 264.99, 255, 260, 16.89, 10.81, 9.76, 17.55, 455, 98.13, 94.23, 85.07, 75.94, 6.98, 1556.8, 1605.93, 48.71, 1254.91, 71.6, 8.15, 47.39, 8, 4, 19.91, 33.12, 56.17, 85.36, 10.17, 66.83, 91.93, 2.88, 86.55, 82.82, 3.09, 2370.7, 736.75, 16.07, 78.03, 65.03, 35.74, 79.17, 7.46, 33.06, 5.9, 31.18, 1416.29, -0.1, 2.37, -19.76, 20.71, 1.22, 5.14, 56, 15.81, 36.57, 0, 33.79, 670.16, 1248.47, 42.95, 76.69, 47.37, 75.7, 84.57, 16.01, 12.62, 51.12, 1730.97, 6.12, 1410, 3.58, 40.15, 0A000, 0.64, 1.7, 45, 36.31, 55.3, 44.95, 20.38, 76.82, 28.76, 91.2, 43.14, 7.66, 78.09, 63.7, 81.88
59, 20170101, 01:00:22, 65, 523.35, 3784.13, 1109.76, 3276, 450.54, 265.05, 0, 9.36, 5.52, 3.45, 5.25, 51.47, 0, 15.46, 1, 0, 55.21, 0, 0.05, 26.32, 28.09, 41.57, 1.1, 5.16, 0.54, 1.33, 0.46, 0.1, 1.2, 272, 265.05, 255, 260, 17.96, 10.74, 9.15, 17.55, 455, 98.13, 94.23, 85.07, 75.94, 6.98, 1541.12, 1624.57, 48.71, 1284.91, 71.6, 8.15, 47.39, 8, 4, 19.91, 34.09, 56.17, 85.36, 10.17, 66.83, 91.93, 2.88, 86.55, 82.82, 3.03, 2383.7, 736.75, 16.07, 78.03, 64.81, 34.08, 79.17, 7.48, 33.82, 5.9, 31.18, 1419.37, -0.1, 2.37, -20.76, 20.71, 1.22, 4.45, 56, 15.81, 36.57, 0, 33.79, 691.16, 1250.47, 42.95, 76.69, 47.37, 75.7, 84.57, 16.01, 12.62, 54.12, 1828.97, 6.12, 1410, 4.22, 40.1, 0A000, 0.6, 1.69, 45, 38, 55.17, 44.97, 20.36, 82.37, 28.76, 91.2, 43.14, 7.66, 78.09, 63.7, 81.88
59, 20170101, 01:00:23, 71, 590.35, 4154.48, 1106.51, 3276, 449.86, 297.63, 0, 9.38, 5.63, 3.5, 13.41, 51.47, 0, 15.46, 1, 0, 55.21, 0, 0, 26.32, 28.09, 41.57, 1.1, 5.16, 0.54, 1.33, 0.46, 0.1, 1.2, 272, 264.9, 255, 260, 21.07, 10.75, 9.15, 17.55, 455, 98.13, 94.23, 85.07, 75.94, 6.98, 1582.86, 1572.69, 48.71, 1314.91, 71.6, 8.15, 47.39, 8, 4, 19.91, 34.61, 56.17, 85.36, 10.17, 66.83, 91.93, 2.88, 86.55, 82.82, 2.95, 2396.7, 736.75, 16.07, 78.03, 64.87, 34.97, 79.17, 7.54, 33.17, 5.9, 31.18, 1427.52, -0.1, 2.37, -21.76, 20.71, 1.24, 3.91, 56, 15.81, 36.57, 0, 33.79, 712.16, 1252.47, 42.95, 76.69, 47.37, 75.7, 84.57, 16.01, 12.62, 57.12, 1926.97, 6.12, 1410, 3.4, 39.95, 0A000, 0.62, 1.71, 45, 36.75, 55.54, 44.98, 9.49, 77.89, 28.76, 91.2, 43.14, 7.66, 78.09, 63.7, 81.88
59, 20170101, 01:00:24, 7, 657.35, 4048.21, 1101.31, 3276, 450.98, 110.27, 0, 9.56, 5.59, 3.36, 20.75, 51.47, 0, 15.46, 1, 0, 55.21, 0, -0.01, 26.32, 28.09, 41.57, 1.1, 5.16, 0.54, 1.33, 0.46, 0.1, 1.2, 272, 265.03, 255, 260, 19.44, 10.68, 9.29, 17.55, 455, 98.13, 94.23, 85.07, 75.94, 6.98, 1541.97, 1591.42, 48.71, 1344.91, 71.6, 8.15, 47.39, 8, 4, 19.91, 33.06, 56.17, 85.36, 10.17, 66.83, 91.93, 2.88, 86.55, 82.82, 3.03, 2409.7, 736.75, 16.07, 78.03, 64.98, 29.02, 79.17, 7.36, 35.35, 6, 31.18, 1392.73, -0.1, 2.37, -22.76, 20.71, 1.22, 4.27, 56, 15.81, 36.57, 0, 33.79, 733.16, 1254.47, 42.95, 76.69, 47.37, 75.7, 84.57, 16.01, 12.62, 60.12, 1645.13, 6.12, 1410, 3.34, 41.31, 0A000, 0.61, 1.72, 45, 37.56, 52.45, 44.94, 9.01, 81.54, 28.76, 91.2, 43.14, 7.66, 78.09, 63.7, 81.88
59, 20170101, 01:00:25, 13, 724.35, 4206.47, 1119.66, 3276, 449.64, -1.98, 0, 10.21, 5.68, 3.39, 3.64, 51.47, 0, 15.46, 1, 0, 55.21, 0, -0.01, 26.32, 28.09, 41.57, 1.1, 5.16, 0.54, 1.33, 0.46, 0.1, 1.2, 272, 264.94, 255, 260, 19.25, 10.8, 9.25, 17.55, 455, 98.13, 94.23, 85.07, 75.94, 6.98, 1545.15, 1551.97, 48.71, 1374.91, 71.6, 8.15, 47.39, 8, 4, 19.91, 30.58, 56.17, 85.36, 10.17, 66.83, 91.93, 2.88, 86.55, 82.82, 2.92, 2422.7, 736.75, 16.07, 78.03, 65.22, 34.84, 79.17, 7.49, 33.92, 6, 31.18, 1407.1, -0.1, 2.37, -23.76, 20.71, 1.22, 4.61, 56, 15.81, 36.57, 0, 33.79, 754.16, 1256.47, 42.95, 76.69, 47.37, 75.7, 84.57, 16.01, 12.62, 63.12, 1743.13, 6.12, 1410, 3.34, 40.72, 0A000, 0.62, 1.71, 45, 41.33, 51.13, 44.97, 9.1, 77.18, 28.76, 91.2, 43.14, 7.66, 78.09, 63.7, 81.88
59, 20170101, 01:00:26, 19, 498.43, 3635.16, 1119.86, 3276, 451.33, 103.82, 0, 9.56, 5.73, 3.32, 4.16, 51.47, 1, 15.46, 1, 0, 55.21, 0, 0.01, 26.32, 28.09, 41.57, 1.1, 5.16, 0.56, 1.33, 0.46, 0.1, 1.2, 272, 265.08, 255, 260, 18.43, 10.82, 8.87, 17.55, 455, 98.13, 94.23, 85.07, 75.94, 6.98, 1577.27, 1612.79, 48.71, 1404.91, 71.6, 8.15, 47.39, 8, 4, 19.91, 33.33, 56.17, 85.36, 10.17, 66.83, 91.93, 2.88, 86.55, 82.82, 3.1, 2435.7, 736.75, 16.07, 78.03, 65.17, 35.16, 79.17, 7.51, 32.68, 5.9, 31.18, 1412.64, -0.1, 2.37, -24.76, 20.71, 1.22, 4.54, 56, 15.81, 36.57, 0, 33.79, 775.16, 1258.47, 42.95, 76.69, 47.37, 75.7, 84.57, 16.01, 12.62, 66.12, 1841.13, 6.12, 1410, 3.8, 39.77, 0A000, 0.61, 1.72, 45, 45.16, 50.58, 45.01, 9.17, 79.1, 28.76, 91.2, 43.14, 7.66, 78.09, 63.7, 81.88
59, 20170101, 01:00:27, 8, 565.43, 4564.95, 1110.51, 3276, 449.7, 300.64, 0, 8.98, 5.63, 3.46, 4.27, 51.47, 1, 15.46, 1, 0, 55.21, 0, 0.04, 26.32, 28.09, 41.57, 1.1, 5.16, 0.54, 1.33, 0.46, 0.09, 1.2, 272, 264.87, 255, 260, 17.31, 10.75, 9.36, 17.55, 455, 98.13, 94.23, 85.07, 75.94, 6.98, 1576.12, 1572.87, 48.71, 1434.91, 71.6, 8.15, 47.39, 8, 4, 19.91, 35.66, 56.17, 85.36, 10.17, 66.83, 91.93, 2.88, 86.55, 82.82, 2.99, 2448.7, 736.75, 16.07, 78.03, 65.33, 35.54, 79.17, 7.51, 34.55, 5.9, 31.18, 1405.31, -0.1, 2.37, -25.76, 20.71, 1.22, 4.59, 56, 15.81, 36.57, 0, 33.79, 796.16, 1260.47, 42.95, 76.69, 47.37, 75.7, 84.57, 16.01, 12.62, 51.45, 1939.13, 6.12, 1400, 3.81, 41.45, 0A000, 0.61, 1.71, 45, 44.9, 44.93, 45.03, 9.41, 81.49, 28.76, 91.2, 43.14, 7.66, 78.09, 63.7, 81.88
59, 20170101, 01:00:28, 14, 632.43, 3999.94, 1114.78, 3276, 449.55, 259.13, 0, 9.59, 5.73, 3.58, 18.66, 51.47, 1, 15.46, 1, 0, 55.21, 0, -0.05, 26.32, 28.09, 41.57, 1.1, 5.16, 0.54, 1.33, 0.46, 0.09, 1.2, 272, 264.95, 255, 260, 18.6, 11, 9.43, 17.55, 455, 98.13, 94.23, 85.07, 75.94, 6.98, 1587.5, 1624.32, 48.71, 1464.91, 71.6, 8.15, 47.39, 8, 4, 19.91, 32.18, 56.17, 85.36, 10.17, 66.83, 91.93, 2.88, 86.55, 82.82, 3.07, 2461.7, 736.75, 16.07, 78.03, 64.98, 34.01, 79.17, 7.63, 33.36, 5.9, 31.18, 1409.12, -0.1, 2.37, -26.76, 20.71, 1.22, 3.9, 55, 15.81, 36.57, 0, 33.79, 817.16, 1262.47, 42.95, 76.69, 47.37, 75.7, 84.57, 16.01, 12.62, 54.45, 2037.13, 6.12, 1400, 3.68, 39.92, 0A000, 0.6, 1.69, 45, 45.09, 44.93, 45.05, 9.47, 78.12, 28.76, 91.2, 43.14, 7.66, 78.09, 63.7, 81.88
59, 20170101, 01:00:29, 20, 304.1, 4052.87, 1098.35, 3276, 449.93, 296.75, -0.01, 8.67, 5.88, 3.32, 15.75, 51.47, 1, 15.46, 1, 0, 55.21, 0, -0.01, 26.32, 28.09, 41.57, 1.1, 5.16, 0.54, 1.33, 0.46, 0.1, 1.2, 272, 265.12, 255, 260, 17.44, 10.4, 9.01, 17.55, 455, 98.13, 94.23, 85.07, 75.94, 6.98, 1588.2, 1593.24, 48.71, 1494.91, 71.6, 8.15, 47.39, 8, 4, 19.91, 34.66, 56.17, 85.36, 10.17, 66.83, 91.93, 2.88, 86.55, 82.82, 2.94, 2474.7, 736.75, 16.07, 78.03, 64.86, 31.85, 79.17, 7.68, 33.52, 5.9, 31.18, 1378.97, -0.1, 2.37, -27.76, 20.71, 1.22, 4.6, 55, 15.81, 36.57, 0, 33.79, 838.16, 1264.47, 42.95, 76.69, 47.37, 75.7, 84.57, 16.01, 12.62, 17.28, 2135.13, 6.12, 1400, 3.52, 39.53, 0A000, 0.61, 1.72, 45, 45.24, 45.03, 45.04, 8.9, 79.74, 28.76, 91.2, 43.14, 7.66, 78.09, 63.7, 81.88
59, 20170101, 01:00:30, 20, 371.1, 3478.17, 1117.8, 3276, 450.19, 254.84, 0, 8.99, 5.37, 3.29, 7.11, 51.47, 1, 15.46, 1, 0, 55.21, 0, -0.07, 26.32, 28.09, 41.57, 1.1, 5.16, 0.56, 1.33, 0.46, 0.08, 1.2, 272, 265, 255, 260, 19.51, 10.79, 9.16, 17.55, 455, 98.13, 94.23, 85.07, 75.94, 6.98, 1574.61, 1571.62, 48.71, 1524.91, 71.6, 8.15, 47.39, 8, 4, 19.91, 32.09, 56.17, 85.36, 10.17, 66.83, 91.93, 2.88, 86.55, 82.82, 3.12, 2487.7, 736.75, 16.07, 78.03, 65.08, 33.95, 79.17, 7.51, 34.76, 6, 31.18, 1425.23, -0.1, 2.37, -28.76, 20.71, 1.22, 4.66, 55, 15.81, 36.57, 0, 33.79, 859.16, 1266.47, 42.95, 76.69, 47.37, 75.7, 84.57, 16.01, 12.62, 20.28, 2233.13, 6.12, 1410, 3.42, 39.37, 0A000, 0.61, 1.71, 45, 45.02, 44.93, 45.04, 9.41, 81.45, 28.76, 91.2, 43.14, 7.66, 78.09, 63.7, 81.88
59, 20170101, 01:00:31, 16, 438.1, 4018, 1108.3, 3276, 450.22, 297.39, -0.01, 9.25, 5.82, 3.58, 23.88, 51.47, 1, 15.46, 1, 0, 55.21, 0, 0, 26.32, 28.09, 41.57, 1.1, 5.16, 0.54, 1.33, 0.46, 0.08, 1.2, 272, 265.16, 255, 260, 18.64, 10.9, 9.15, 17.55, 455, 98.13, 94.23, 85.07, 75.94, 6.98, 1555.93, 1608.31, 48.71, 1554.91, 71.6, 8.15, 47.39, 8, 4, 19.91, 35.33, 56.17, 85.36, 10.17, 66.83, 91.93, 2.88, 86.55, 82.82, 3.09, 2500.7, 736.75, 16.07, 78.03, 65.16, 34.7, 79.17, 7.43, 33.88, 6, 31.18, 1426.71, -0.1, 2.37, -29.76, 20.71, 1.22, 4.51, 55, 15.81, 36.57, 0, 33.79, 880.16, 1268.47, 42.95, 76.69, 47.37, 75.7, 84.57, 16.01, 12.62, 23.28, 2331.13, 6.12, 1410, 3.81, 40.8, 0A000, 0.6, 1.73, 45, 45.11, 44.99, 45.03, 9.14, 76.59, 28.76, 91.2, 43.14, 7.66, 78.09, 63.7, 81.88
59, 20170101, 01:00:32, 10, 191.94, 4116.06, 1138.65, 3276, 450.57, 300.32, 0, 8.68, 5.58, 3.47, 6.33, 51.47, 1, 15.46, 1, 0, 55.21, 0, -0.02, 26.32, 28.09, 41.57, 1.1, 5.16, 0.54, 1.33, 0.46, 0.06, 1.2, 272, 264.78, 255, 260, 17.26, 11, 8.88, 17.55, 455, 98.13, 94.23, 85.07, 75.94, 6.98, 1557.21, 1575.01, 48.71, 1584.91, 71.6, 8.15, 47.39, 8, 4, 19.91, 33.46, 56.17, 85.36, 10.17, 66.83, 91.93, 2.88, 86.55, 82.82, 3, 2513.7, 736.75, 16.07, 78.03, 65.09, 36.94, 79.17, 7.67, 33.06, 5.9, 31.18, 1422.09, 0, 2.37, -30.76, 20.71, 1.22, 4.43, 56, 15.81, 36.57, 0, 33.79, 901.16, 1270.47, 42.95, 76.69, 47.37, 75.7, 84.57, 16.01, 12.62, 25.72, 2429.13, 6.12, 1400, 3.23, 41.07, 0A000, 0.62, 1.69, 45, 45.06, 44.87, 45.04, 9.17, 81.53, 28.76, 91.2, 43.14, 7.66, 78.09, 63.7, 81.88
59, 20170101, 01:00:33, 16, 258.94, 3454.87, 1108.25, 3276, 450.57, 194.88, 0, 8.33, 5.49, 3.33, 16.89, 51.47, 1, 15.46, 1, 0, 55.21, 0, -0.04, 26.32, 28.09, 41.57, 1.1, 5.16, 0.54, 1.33, 0.46, 0.05, 1.2, 272, 265.1, 255, 260, 19.27, 10.74, 8.96, 17.55, 455, 98.13, 94.23, 85.07, 75.94, 6.98, 1551.13, 1657.67, 48.71, 1614.91, 71.6, 8.15, 47.39, 8, 4, 19.91, 33.27, 56.17, 85.36, 10.17, 66.83, 91.93, 2.88, 86.55, 82.82, 3.12, 2526.7, 736.75, 16.07, 78.03, 64.98, 34.14, 79.17, 7.55, 34.44, 6, 31.18, 1420.01, 0, 2.37, -31.76, 20.71, 1.24, 4.52, 56, 15.81, 36.57, 0, 33.79, 922.16, 1272.47, 42.95, 76.69, 47.37, 75.7, 84.57, 16.01, 12.62, 28.72, 1478.18, 6.12, 1400, 3.17, 41.93, 0A000, 0.63, 1.73, 45, 45.09, 45.01, 45, 9.29, 79.44, 28.76, 91.2, 43.14, 7.66, 78.09, 63.7, 81.88
59, 20170101, 01:00:34, 22, 325.94, 3692.09, 1091.4, 3276, 450.76, 96.72, 0, 9.69, 5.35, 3.45, 5.68, 51.47, 1, 15.46, 1, 0, 55.21, 0, -0, 26.32, 28.09, 41.57, 1.1, 5.16, 0.54, 1.33, 0.46, 0.07, 1.2, 272, 264.95, 255, 260, 17.91, 10.36, 9.66, 17.55, 455, 98.13, 94.23, 85.07, 75.94, 6.98, 1551.76, 1560.91, 48.71, 1644.91, 71.6, 8.15, 47.39, 8, 4, 19.91, 33.61, 56.17, 85.36, 10.17, 66.83, 91.93, 2.88, 86.55, 82.82, 3.01, 2539.7, 736.75, 16.07, 78.03, 65.05, 29.85, 79.17, 7.38, 32.82, 6, 31.18, 1412.76, -0.1, 2.37, -32.76, 20.71, 1.22, 4.09, 56, 15.81, 36.57, 0, 33.79, 943.16, 1274.47, 42.95, 76.69, 47.37, 75.7, 84.57, 16.01, 12.62, 31.72, 416.19, 6.12, 1400, 3.23, 40.63, 0A000, 0.62, 1.69, 45, 45.2, 45, 45.06, 6.95, 81.53, 28.76, 91.2, 43.14, 7.66, 78.09, 63.7, 81.88
59, 20170101, 01:00:35, 28, 392.94, 4451.75, 1097.3, 3276, 450.44, 1.44, -0.01, 9.26, 5.57, 3.35, 6.46, 51.47, 1, 15.46, 1, 1, 55.21, 0, 0.02, 26.32, 28.09, 41.57, 1.1, 5.16, 0.54, 1.33, 0.46, 0.06, 1.2, 272, 264.99, 255, 260, 16.61, 11.15, 8.9, 17.55, 455, 98.13, 94.23, 85.07, 75.94, 6.98, 1553.77, 1590.99, 48.71, 1674.91, 71.6, 8.15, 47.39, 8, 4, 19.91, 34.45, 56.17, 85.36, 10.17, 66.83, 91.93, 2.88, 86.55, 82.82, 2.93, 2552.7, 736.75, 16.07, 78.03, 65.45, 35.99, 79.17, 7.54, 32.16, 6, 31.18, 1425.72, -0.1, 2.37, -33.76, 20.71, 1.24, 5.01, 56, 15.81, 36.57, 0, 33.79, 964.16, 1276.47, 42.95, 76.69, 47.37, 75.7, 84.57, 16.01, 12.62, 34.72, 514.19, 6.12, 1400, 2.86, 40.36, 0A000, 0.61, 1.71, 45, 44.77, 45.04, 44.96, 5.92, 80.12, 28.76, 91.2, 43.14, 7.66, 78.09, 63.7, 81.88
59, 20170101, 01:00:36, 34, 459.94, 3568.51, 1146.92, 3276, 449.96, 295.09, 0, 8.42, 5.44, 3.39, 19.4, 51.47, 1, 15.46, 1, 0, 55.21, 0, 0.03, 26.32, 28.09, 41.57, 1.1, 5.16, 0.56, 1.33, 0.46, 0.05, 1.2, 272, 264.92, 255, 260, 18.58, 10.82, 9.39, 17.55, 455, 98.13, 94.23, 85.07, 75.94, 6.98, 1572.29, 1593.84, 48.71, 1704.91, 71.6, 8.15, 47.39, 8, 4, 19.91, 32.44, 56.17, 85.36, 10.17, 66.83, 91.93, 2.88, 86.55, 82.82, 3.02, 2565.7, 736.75, 16.07, 78.03, 64.87, 33.25, 79.17, 7.66, 32.02, 6, 31.18, 1422.29, -0.1, 2.37, -34.76, 20.71, 1.24, 5.78, 55, 15.81, 36.57, 0, 33.79, 985.16, 1278.47, 42.95, 76.69, 47.37, 75.7, 84.57, 16.01, 12.62, 37.72, 612.19, 6.12, 1400, 2.69, 40.48, 0A000, 0.6, 1.71, 45, 45.02, 44.99, 45.02, 6.9, 84.4, 28.76, 91.2, 43.14, 7.66, 78.09, 63.7, 81.88
59, 20170101, 01:00:37, 35, 174.67, 4547.7, 1148.41, 3276, 450.44, 0.78, 0, 9.94, 5.69, 3.44, 16.78, 51.47, 1, 15.46, 1, 0, 55.21, 0, 0.05, 26.32, 28.09, 41.57, 1.1, 5.16, 0.56, 1.33, 0.46, 0.05, 1.2, 272, 264.96, 255, 260, 18.5, 11.12, 9.1, 17.55, 455, 98.13, 94.23, 85.07, 75.94, 6.98, 1539.66, 1566.06, 48.71, 1734.91, 71.6, 8.15, 47.39, 8, 4, 19.91, 33.73, 56.17, 85.36, 10.17, 66.83, 91.93, 2.88, 86.55, 82.82, 3.08, 2578.7, 736.75, 16.07, 78.03, 64.92, 33.58, 79.17, 7.57, 33.78, 6, 31.18, 1429.93, -0.1, 2.37, -35.76, 20.71, 1.22, 2.32, 55, 15.81, 36.57, 0, 33.79, 1006.16, 1280.47, 42.95, 76.69, 47.37, 75.7, 84.57, 16.01, 12.62, 40.72, 710.19, 6.12, 1400, 3.72, 39.75, 0A000, 0.61, 1.68, 45, 44.94, 44.99, 45.02, 6.73, 76.68, 28.76, 91.2, 43.14, 7.66, 78.09, 63.7, 81.88
59, 20170101, 01:00:38, 41, 241.67, 4563.07, 1154.81, 3276, 450.37, 301.24, 0, 9.17, 5.72, 3.52, 27.44, 51.47, 1, 15.46, 1, 0, 55.21, 0, -0.01, 26.32, 28.09, 41.57, 1.1, 5.16, 0.56, 1.33, 0.46, 0.06, 1.2, 272, 265.09, 255, 260, 17.86, 10.61, 8.9, 17.55, 455, 98.13, 94.23, 85.07, 75.94, 6.98, 1558.19, 1609.91, 48.71, 1764.91, 71.6, 8.15, 47.39, 8, 4, 19.91, 33.84, 56.17, 85.36, 10.17, 66.83, 91.93, 2.88, 86.55, 82.82, 3.02, 2591.7, 736.75, 16.07, 78.03, 65, 32.95, 79.17, 7.57, 34.88, 5.9, 31.18, 1429.68, -0.1, 2.37, -36.76, 20.71, 1.22, 2.61, 55, 15.81, 36.57, 0, 33.79, 1027.16, 1282.47, 42.95, 76.69, 47.37, 75.7, 84.57, 16.01, 12.62, 43.72, 808.19, 6.12, 1400, 4.02, 42.12, 0A000, 0.61, 1.69, 45, 45.16, 45, 45.02, 7.17, 77.53, 28.76, 91.2, 43.14, 7.66, 78.09, 63.7, 81.88
59, 20170101, 01:00:39, 47, 308.67, 3426.6, 1160.85, 3276, 450.56, 294.15, 0, 9.28, 5.7, 3.63, 31.23, 51.47, 1, 15.46, 1, 0, 55.21, 0, -0.01, 26.32, 28.09, 41.57, 1.1, 5.16, 0.56, 1.33, 0.46, 0.06, 1.2, 272, 264.98, 255, 260, 20.22, 11.21, 9.78, 17.55, 455, 98.13, 94.23, 85.07, 75.94, 6.98, 1556.89, 1611.25, 48.71, 1794.91, 71.6, 8.15, 47.39, 8, 4, 19.91, 34.03, 56.17, 85.36, 10.17, 66.83, 91.93, 2.88, 86.55, 82.82, 3.22, 2604.7, 736.75, 16.07, 78.03, 65.01, 35.39, 79.17, 7.39, 33.1, 5.9, 31.18, 1408.79, -0.1, 2.37, -37.76, 20.71, 1.22, 1.99, 55, 15.81, 36.57, 0, 33.79, 1048.16, 1284.47, 42.95, 76.69, 47.37, 75.7, 84.57, 16.01, 12.62, 26.64, 906.19, 6.12, 1400, 4.01, 41.61, 0A000, 0.6, 1.75, 45, 45.1, 45.07, 45, 6.96, 78.23, 28.76, 91.2, 43.14, 7.66, 78.09, 63.7, 81.88
59, 20170101, 01:00:40, 53, 375.67, 4495.58, 1161.36, 3276, 450.07, 301.88, 0, 8.65, 5.58, 3.46, 17.25, 51.47, 1, 15.46, 1, 0, 55.21, 0, 0.02, 26.32, 28.09, 41.57, 1.1, 5.16, 0.54, 1.33, 0.46, 0.06, 1.2, 272, 265.04, 255, 260, 18.25, 10.95, 9.11, 17.55, 455, 98.13, 94.23, 85.07, 75.94, 6.98, 1550.87, 1594.25, 48.71, 1824.91, 71.6, 8.15, 47.39, 8, 4, 19.91, 34.41, 56.17, 85.36, 10.17, 66.83, 91.93, 2.88, 86.55, 82.82, 3.06, 2617.7, 736.75, 16.07, 78.03, 65, 37.99, 79.17, 7.55, 33.88, 5.9, 31.18, 1425.6, -0.1, 2.37, -38.76, 20.71, 1.22, 2.62, 55, 15.81, 36.57, 0, 33.79, 1069.16, 1286.47, 42.95, 76.69, 47.37, 75.7, 84.57, 16.01, 12.62, 25.87, 492.08, 6.12, 1400, 3.1, 40.36, 0A000, 0.6, 1.71, 45, 44.85, 44.99, 44.92, 6.67, 80.03, 28.76, 91.2, 43.14, 7.66, 78.09, 63.7, 81.88
59, 20170101, 01:00:41, 59, 442.67, 3866.8, 1146.95, 3276, 449.26, 224.8, 0, 9.01, 5.69, 3.56, 27.94, 51.47, 1, 15.46, 1, 0, 55.21, 0, -0.04, 26.32, 28.09, 41.57, 1.1, 5.16, 0.54, 1.33, 0.46, 0.07, 1.2, 272, 264.89, 255, 260, 17.93, 10.92, 9.8, 17.55, 455, 98.13, 94.23, 85.07, 75.94, 6.98, 1549.87, 1600.69, 48.71, 1854.91, 71.6, 8.15, 47.39, 8, 4, 19.91, 30.86, 56.17, 85.36, 10.17, 66.83, 91.93, 2.88, 86.55, 82.82, 3, 2630.7, 736.75, 16.07, 78.03, 65.09, 35.44, 79.17, 7.48, 34.22, 5.9, 31.18, 1415.16, -0.1, 2.37, -39.76, 20.71, 1.22, 2.56, 55, 15.81, 36.57, 0, 33.79, 1090.16, 1288.47, 42.95, 76.69, 47.37, 75.7, 84.57, 16.01, 12.62, 28.87, 590.08, 6.12, 1400, 3.89, 41.29, 0A000, 0.62, 1.72, 45, 44.93, 44.92, 44.96, 6.85, 78.47, 28.76, 91.2, 43.14, 7.66, 78.09, 63.7, 81.88
59, 20170101, 01:00:42, 65, 509.67, 4662.09, 1160.7, 3276, 451.29, 296.52, -0.01, 8.81, 5.65, 3.5, 9.3, 51.47, 1, 15.46, 1, 0, 55.21, 0, 0.02, 26.32, 28.09, 41.57, 1.1, 5.16, 0.54, 1.33, 0.46, 0.06, 1.2, 272, 264.81, 255, 260, 18.02, 10.85, 8.13, 17.55, 455, 98.13, 94.23, 85.07, 75.94, 6.98, 1559.37, 1610.04, 48.71, 1884.91, 71.6, 8.15, 47.39, 8, 4, 19.91, 32.3, 56.17, 85.36, 10.17, 66.83, 91.93, 2.88, 86.55, 82.82, 3.03, 2643.7, 736.75, 16.07, 78.03, 64.76, 34.66, 79.17, 7.39, 32.96, 5.9, 31.18, 1418.02, -0.1, 2.37, -40.76, 20.71, 1.22, 2.21, 55, 15.81, 36.57, 0, 33.79, 1111.16, 1290.47, 42.95, 76.69, 47.37, 75.7, 84.57, 16.01, 12.62, 31.87, 688.08, 6.12, 1400, 3.38, 42.06, 0A000, 0.6, 1.72, 45, 45.04, 44.91, 45, 6.63, 81.17, 28.76, 91.2, 43.14, 7.66, 78.09, 63.7, 81.88
59, 20170101, 01:00:43, 71, 576.67, 4338.76, 1159.04, 3276, 450.55, 298.64, -0.01, 8.48, 5.69, 3.69, 30.08, 51.47, 1, 15.46, 1, 0, 55.21, 0, -0.02, 26.32, 28.09, 41.57, 1.1, 5.16, 0.54, 1.33, 0.46, 0.06, 1.2, 272, 265.05, 255, 260, 20.72, 10.82, 9.61, 17.55, 455, 98.13, 94.23, 85.07, 75.94, 6.98, 1550.63, 1579.69, 48.71, 1914.91, 71.6, 8.15, 47.39, 8, 4, 19.91, 35.06, 56.17, 85.36, 10.17, 66.83, 91.93, 2.88, 86.55, 82.82, 3.06, 2656.7, 736.75, 16.07, 78.03, 64.52, 32.45, 79.17, 7.39, 33.51, 6, 31.18, 1426.59, -0.1, 2.37, -41.76, 20.71, 1.22, 2.37, 54, 15.81, 36.57, 0, 33.79, 1132.16, 1292.47, 42.95, 76.69, 47.37, 75.7, 84.57, 16.01, 12.62, 34.87, 786.08, 6.12, 1400, 3.24, 40.69, 0A000, 0.65, 1.73, 45, 44.9, 45.04, 45.04, 6.78, 77.37, 28.76, 91.2, 43.14, 7.66, 78.09, 63.7, 81.88
59, 20170101, 01:00:44, 77, 412.65, 4049.9, 1157.56, 3276, 450.95, 303.1, 0, 8.19, 5.62, 3.45, 14.01, 51.47, 1, 15.46, 1, 0, 55.21, 0, -0.03, 26.32, 28.09, 41.57, 1.1, 5.16, 0.54, 1.33, 0.46, 0.06, 1.2, 272, 264.89, 255, 260, 19.13, 10.81, 8.67, 17.55, 455, 98.13, 94.23, 85.07, 75.94, 6.98, 1576.67, 1588.24, 48.71, 1944.91, 71.6, 8.15, 47.39, 8, 4, 19.91, 34.07, 56.17, 85.36, 10.17, 66.83, 91.93, 2.88, 86.55, 82.82, 2.92, 2669.7, 736.75, 16.07, 78.03, 64.54, 33.66, 79.17, 7.39, 33.99, 6, 31.18, 1431.91, -0.1, 2.37, -42.76, 20.71, 1.22, 2.47, 54, 15.81, 36.57, 0, 33.79, 1153.16, 1294.47, 42.95, 76.69, 47.37, 75.7, 84.57, 16.01, 12.62, 37.87, 884.08, 6.12, 1410, 3.85, 41.4, 0A000, 0.6, 1.71, 45, 45.04, 45.04, 44.93, 6.83, 75.98, 28.76, 91.2, 43.14, 7.66, 78.09, 63.7, 81.88
59, 20170101, 01:00:45, 51, 479.65, 4010.56, 1152.27, 3276, 450.62, 300.04, 0, 10.29, 5.58, 3.56, 20.39, 51.47, 1, 15.46, 1, 0, 55.21, 0, -0.05, 26.32, 28.09, 41.57, 1.1, 5.16, 0.56, 1.33, 0.46, 0.06, 1.2, 272, 265.07, 255, 260, 19.06, 10.59, 9.67, 17.55, 455, 98.13, 94.23, 85.07, 75.94, 6.98, 1529.72, 1577.2, 48.71, 1974.91, 71.6, 8.15, 47.39, 8, 4, 19.91, 31.49, 56.17, 85.36, 10.17, 66.83, 91.93, 2.88, 86.55, 82.82, 2.99, 2682.7, 736.75, 16.07, 78.03, 65.24, 38.38, 79.17, 7.32, 31.75, 6, 31.18, 1425.47, -0.1, 2.37, -43.76, 20.71, 1.22, 2.36, 55, 15.81, 36.57, 0, 33.79, 1174.16, 1296.47, 42.95, 76.69, 47.37, 75.7, 84.57, 16.01, 12.62, 40.87, 982.08, 6.12, 1410, 3.47, 41.74, 0A000, 0.61, 1.71, 45, 44.98, 45.02, 44.99, 6.67, 83.12, 28.76, 91.2, 43.14, 7.66, 78.09, 63.7, 81.88
59, 20170101, 01:00:46, 57, 546.65, 3628.55, 1157.63, 3276, 450.61, -6.87, 0, 9.38, 5.46, 3.43, 5.14, 51.47, 1, 15.46, 1, 0, 55.21, 0, -0.02, 26.32, 28.09, 41.57, 1.1, 5.16, 0.56, 1.33, 0.46, 0.06, 1.2, 272, 264.95, 255, 260, 17.73, 11.19, 9.22, 17.55, 455, 98.13, 94.23, 85.07, 75.94, 6.98, 1556.72, 1512.73, 48.71, 2004.91, 71.6, 8.15, 47.39, 8, 4, 19.91, 32.71, 56.17, 85.36, 10.17, 66.83, 91.93, 2.88, 86.55, 82.82, 3.13, 2695.7, 736.75, 16.07, 78.03, 65.4, 35.99, 79.17, 7.56, 33.91, 6, 31.18, 1423.77, -0.1, 2.37, -44.76, 20.71, 1.22, 2.85, 55, 15.81, 36.57, 0, 33.79, 1195.16, 1298.47, 42.95, 76.69, 47.37, 75.7, 84.57, 16.01, 12.62, 43.87, 892.36, 6.12, 1410, 3.52, 40.15, 0A000, 0.62, 1.71, 45, 45.13, 44.91, 44.98, 5.97, 79.16, 28.76, 91.2, 43.14, 7.66, 78.09, 63.7, 81.88
59, 20170101, 01:00:47, 63, 613.65, 4617.72, 1149.61, 3276, 451.39, 302.18, 0, 8.32, 5.49, 3.29, 13.05, 51.47, 1, 15.46, 1, 0, 55.21, 0, -0.04, 26.32, 28.09, 41.57, 1.1, 5.16, 0.54, 1.33, 0.46, 0.06, 1.2, 272, 265.13, 255, 260, 19.33, 11.22, 8.74, 17.55, 455, 98.13, 94.23, 85.07, 75.94, 6.98, 1554.13, 1616.1, 48.71, 2034.91, 71.6, 8.15, 47.39, 8, 4, 19.91, 34, 56.17, 85.36, 10.17, 66.83, 91.93, 2.88, 86.55, 82.82, 3.05, 2708.7, 736.75, 16.07, 78.03, 64.92, 31.89, 79.17, 7.55, 32.04, 6, 31.18, 1431.44, -0.1, 2.37, -45.76, 20.71, 1.22, 2.89, 55, 15.81, 36.57, 0, 33.79, 1216.16, 1300.47, 42.95, 76.69, 47.37, 75.7, 84.57, 16.01, 12.62, 46.87, 990.36, 6.12, 1410, 3.51, 41.82, 0A000, 0.61, 1.69, 45, 44.98, 44.94, 45, 6.88, 77.45, 28.76, 91.2, 43.14, 7.66, 78.09, 63.7, 81.88
59, 20170101, 01:00:48, 69, 680.65, 3737.3, 1160.26, 48, 451.26, 240.28, -0.01, 8.7, 5.71, 3.24, 4.66, 51.47, 1, 15.46, 1, 0, 55.21, 0, 0.05, 26.32, 28.09, 41.57, 1.1, 5.16, 0.54, 1.33, 0.46, 0.07, 1.2, 272, 264.86, 255, 260, 17.89, 11.03, 8.96, 17.55, 455, 98.13, 94.23, 85.07, 75.94, 6.98, 1549.44, 1638.6, 48.71, 2064.91, 71.6, 8.15, 47.39, 8, 4, 19.91, 32.71, 56.17, 85.36, 10.17, 66.83, 91.93, 2.88, 86.55, 82.82, 3.07, 2721.7, 736.75, 16.07, 78.03, 65.18, 33.51, 79.17, 7.46, 33.16, 6, 31.18, 1415.54, -0.1, 2.37, -46.76, 20.71, 1.22, 2.77, 55, 15.81, 36.57, 0, 33.79, 1237.16, 1302.47, 42.95, 76.69, 47.37, 75.7, 84.57, 16.01, 12.62, 10.21, 1088.36, 6.12, 1410, 3.13, 40.23, 0A000, 0.59, 1.68, 45, 44.93, 45.06, 45, 6.75, 82.7, 28.76, 91.2, 43.14, 7.66, 78.09, 63.7, 81.88
59, 20170101, 01:00:49, 75, 216.2, 4012.56, 1157.09, 48, 450.25, 295.64, 0, 9.71, 5.17, 3.39, 14.33, 51.47, 1, 15.46, 1, 0, 55.21, 0, 0.02, 26.32, 28.09, 41.57, 1.1, 5.16, 0.54, 1.33, 0.46, 0.07, 1.2, 272, 265.09, 255, 260, 18.57, 11.54, 9.43, 17.55, 455, 98.13, 94.23, 85.07, 75.94, 6.98, 1557.54, 1553.4, 48.71, 2094.91, 71.6, 8.15, 47.39, 8, 4, 19.91, 33.54, 56.17, 85.36, 10.17, 66.83, 91.93, 2.88, 86.55, 82.82, 3.12, 2734.7, 736.75, 16.07, 78.03, 65.12, 32.64, 79.17, 7.44, 34.97, 6, 31.18, 1426.62, -0.1, 2.37, -47.76, 20.71, 1.24, 2.26, 55, 15.81, 36.57, 0, 33.79, 1258.16, 1304.47, 42.95, 76.69, 47.37, 75.7, 84.57, 16.01, 12.62, 13.21, 1186.36, 6.12, 1410, 3.86, 39.35, 0A000, 0.61, 1.71, 45, 44.92, 45.02, 44.94, 6.38, 79.89, 28.76, 91.2, 43.14, 7.66, 78.09, 63.7, 81.88
59, 20170101, 01:00:50, 81, 283.2, 3845.16, 1141.61, 48, 450.62, 189.96, 0, 8.6, 5.43, 3.59, 20.03, 51.47, 1, 15.46, 1, 0, 55.21, 0, 0.02, 26.32, 28.09, 41.57, 1.1, 5.16, 0.52, 1.33, 0.46, 0.05, 1.2, 272, 265.13, 255, 260, 17.06, 11.05, 9.08, 17.55, 455, 98.13, 94.23, 85.07, 75.94, 6.98, 1552.66, 1606.14, 48.71, 2124.91, 71.6, 8.15, 47.39, 8, 4, 19.91, 34.18, 56.17, 85.36, 10.17, 66.83, 91.93, 2.88, 86.55, 82.82, 3.09, 2747.7, 736.75, 16.07, 78.03, 64.74, 33.59, 79.17, 7.68, 32.47, 6, 31.18, 1417.84, -0.1, 2.37, -48.76, 20.71, 1.24, 3.08, 55, 15.81, 36.57, 0, 33.79, 1279.16, 1306.47, 42.95, 76.69, 47.37, 75.7, 84.57, 16.01, 12.62, 16.21, 715.68, 6.12, 1410, 4.05, 41.76, 0A000, 0.61, 1.71, 45, 45.11, 45.06, 45.04, 7.21, 81.7, 28.76, 91.2, 43.14, 7.66, 78.09, 63.7, 81.88
59, 20170101, 01:00:51, 87, 350.2, 4285.18, 1158.87, 48, 450.09, 0.68, 0, 8.74, 5.5, 3.56, 6.82, 51.47, 1, 15.46, 1, 0, 55.21, 0, -0, 26.32, 28.09, 41.57, 1.1, 5.16, 0.54, 1.33, 0.46, 0.05, 1.2, 272, 265.05, 255, 260, 18.47, 10.65, 9.01, 17.55, 455, 98.13, 94.23, 85.07, 75.94, 6.98, 1545.81, 1604.27, 48.71, 2154.91, 71.6, 8.15, 47.39, 8, 4, 19.91, 31.76, 56.17, 85.36, 10.17, 66.83, 91.93, 2.88, 86.55, 82.82, 3.1, 2760.7, 736.75, 16.07, 78.03, 65.31, 32.86, 79.17, 7.35, 33.59, 6, 31.18, 1422.02, -0.1, 2.37, -49.76, 20.71, 1.22, 2.45, 55, 15.81, 36.57, 0, 33.79, 1300.16, 1308.47, 42.95, 76.69, 47.37, 75.7, 84.57, 16.01, 12.62, 19.21, 813.68, 6.12, 1410, 3.32, 40.14, 0A000, 0.59, 1.74, 45, 45.07, 44.96, 44.99, 6.78, 79.33, 28.76, 91.2, 43.14, 7.66, 78.09, 63.7, 81.88
59, 20170101, 01:00:52, 21, 417.2, 4808.31, 1157.98, 48, 449.93, 297.48, 0, 8.54, 5.62, 3.55, 26.63, 51.47, 1, 15.46, 1, 0, 55.21, 0, -0.01, 26.32, 28.09, 41.57, 1.1, 5.16, 0.54, 1.33, 0.46, -0, 1.2, 273, 264.9, 255, 260, 19.4, 10.77, 9.03, 17.55, 455, 98.13, 94.23, 85.07, 75.94, 6.98, 1537.87, 1608.01, 48.71, 2184.91, 71.6, 8.15, 47.39, 8, 4, 19.91, 33.85, 56.17, 85.36, 10.17, 66.83, 91.93, 2.88, 86.55, 82.82, 3.12, 2773.7, 736.75, 16.07, 78.03, 65.14, 36.35, 79.17, 7.54, 33.66, 5.9, 31.18, 1422.5, -0.1, 2.37, -50.76, 20.71, 1.22, 2.2, 56, 15.81, 36.57, 0, 33.79, 1321.16, 1310.47, 42.95, 76.69, 47.37, 75.7, 84.57, 16.01, 12.62, 22.21, 911.68, 6.12, 1410, 3.71, 41.07, 0A000, 0.6, 1.68, 45, 45.26, 45.01, 45, 7.04, 82.09, 28.76, 91.2, 43.14, 7.66, 78.09, 63.7, 81.88
59, 20170101, 01:00:53, 27, 484.2, 4340.55, 1174.26, 48, 450.54, 269.45, 0, 8.59, 5.66, 3.39, 12.92, 51.47, 1, 15.46, 1, 0, 55.21, 0, 0, 26.32, 28.09, 41.57, 1.1, 5.16, 0.56, 1.33, 0.46, -0, 1.2, 273, 265.1, 255, 260, 18.71, 11.5, 9.02, 17.55, 455, 98.13, 94.23, 85.07, 75.94, 6.98, 1538.91, 1582.51, 48.71, 2214.91, 71.6, 8.15, 47.39, 8, 4, 19.91, 32.86, 56.17, 85.36, 10.17, 66.83, 91.93, 2.88, 86.55, 82.82, 2.94, 2786.7, 736.75, 16.07, 78.03, 64.94, 36.04, 79.17, 7.61, 33.6, 5.9, 31.18, 1429.59, -0.1, 2.37, -51.76, 20.71, 1.24, 2.74, 56, 15.81, 36.57, 0, 33.79, 1342.16, 1312.47, 42.95, 76.69, 47.37, 75.7, 84.57, 16.01, 12.62, 25.21, 1009.68, 6.12, 1410, 3.23, 40.75, 0A000, 0.6, 1.7, 45, 44.95, 44.98, 45.06, 7.24, 78.26, 28.76, 91.2, 43.14, 7.66, 78.09, 63.7, 81.88
59, 20170101, 01:00:54, 33, 513.07, 4538.51, 1155.56, 48, 451.44, 297.58, 0, 8.93, 5.65, 3.27, 6.39, 51.47, 1, 15.46, 1, 0, 55.21, 0, -0.01, 26.32, 28.09, 41.57, 1.1, 5.16, 0.54, 1.33, 0.46, 0, 1.2, 273, 265.15, 255, 260, 18.69, 10.31, 9.38, 17.55, 455, 98.13, 94.23, 85.07, 75.94, 6.98, 1549.3, 1535.13, 48.71, 2244.91, 71.6, 8.15, 47.39, 8, 4, 19.91, 33.38, 56.17, 85.36, 10.17, 66.83, 91.93, 2.88, 86.55, 82.82, 2.91, 2799.7, 736.75, 16.07, 78.03, 65.04, 34.6, 79.17, 7.56, 33.33, 5.9, 31.18, 1402.75, -0.1, 2.37, -52.76, 20.71, 1.22, 3.02, 56, 15.81, 36.57, 0, 33.79, 1363.16, 1314.47, 42.95, 76.69, 47.37, 75.7, 84.57, 16.01, 12.62, 28.21, 1107.68, 6.12, 1410, 3.38, 39.27, 0A000, 0.61, 1.74, 45, 44.99, 45.05, 45.03, 6.99, 78.39, 28.76, 91.2, 43.14, 7.66, 78.09, 63.7, 81.88
59, 20170101, 01:00:55, 39, 580.07, 3944.41, 1156.74, 3276, 450.65, 286.56, 0, 8.05, 5.5, 3.27, 23.19, 51.47, 1, 15.46, 1, 0, 55.21, 0, 0.01, 26.32, 28.09, 41.57, 1.1, 5.16, 0.54, 1.33, 0.46, 0.01, 1.2, 273, 265.29, 255, 260, 16.18, 10.34, 9.31, 17.55, 455, 98.13, 94.23, 85.07, 75.94, 6.98, 1587.27, 1576.42, 48.71, 2274.91, 71.6, 8.15, 47.39, 8, 4, 19.91, 34.97, 56.17, 85.36, 10.17, 66.83, 91.93, 2.88, 86.55, 82.82, 2.98, 2812.7, 736.75, 16.07, 78.03, 64.86, 35.41, 79.17, 7.74, 33.14, 6, 31.18, 1429.03, -0.1, 2.37, -53.76, 20.71, 1.22, 2.83, 56, 15.81, 36.57, 0, 33.79, 1384.16, 1316.47, 42.95, 76.69, 47.37, 75.7, 84.57, 16.01, 12.62, 3.92, 1205.68, 6.12, 1400, 3.82, 41.17, 0A000, 0.62, 1.73, 45, 44.9, 44.96, 45.02, 6.74, 78.67, 28.76, 91.2, 43.14, 7.66, 78.09, 63.7, 81.88
59, 20170101, 01:00:56, 45, 647.07, 4042.72, 1159.39, 3276, 449.79, 295.42, 0, 9.07, 5.62, 3.45, 15.93, 51.47, 1, 15.46, 1, 0, 55.21, 0, 0.03, 26.32, 28.09, 41.57, 1.1, 5.16, 0.54, 1.33, 0.46, 0, 1.2, 273, 264.9, 255, 260, 19.72, 10.74, 8.89, 17.55, 455, 98.13, 94.23, 85.07, 75.94, 6.98, 1537.55, 1671.81, 48.71, 2304.91, 71.6, 8.15, 47.39, 8, 4, 19.91, 34.15, 56.17, 85.36, 10.17, 66.83, 91.93, 2.88, 86.55, 82.82, 3.09, 2825.7, 736.75, 16.07, 78.03, 64.98, 32.28, 79.17, 7.56, 32.03, 5.9, 31.18, 1425.96, -0.1, 2.37, -54.76, 20.71, 1.22, 2.41, 56, 15.81, 36.57, 0, 33.79, 1405.16, 1318.47, 42.95, 76.69, 47.37, 75.7, 84.57, 16.01, 12.62, 6.92, 1303.68, 6.12, 1400, 3.86, 40.59, 0A000, 0.6, 1.71, 45, 45.11, 45.05, 45.02, 6.88, 79.72, 28.76, 91.2, 43.14, 7.66, 78.09, 63.7, 81.88
59, 20170101, 01:00:57, 51, 714.07, 3038.05, 1180.2, 3276, 450.47, 130.96, 0, 9.23, 5.38, 3.73, 24.9, 51.47, 1, 15.46, 1, 0, 55.21, 0, 0, 26.32, 28.09, 41.57, 1.1, 5.16, 0.54, 1.33, 0.46, 0, 1.2, 273, 265.21, 255, 260, 18.89, 10.97, 9.44, 17.55, 455, 98.13, 94.23, 85.07, 75.94, 6.98, 1539.6, 1548.42, 48.71, 2334.91, 71.6, 8.15, 47.39, 8, 4, 19.91, 33.38, 56.17, 85.36, 10.17, 66.83, 91.93, 2.88, 86.55, 82.82, 2.85, 2838.7, 736.75, 16.07, 78.03, 65.29, 28.78, 79.17, 7.34, 34.24, 5.9, 31.18, 1431.09, -0.1, 2.37, -55.76, 20.71, 1.2, 2.69, 56, 15.81, 36.57, 0, 33.79, 1426.16, 1320.47, 42.95, 76.69, 47.37, 75.7, 84.57, 16.01, 12.62, 9.92, 1401.68, 6.12, 1400, 3.21, 40.99, 0A000, 0.62, 1.72, 45, 45.06, 45.05, 45, 6.4, 80.14, 28.76, 91.2, 43.14, 7.66, 78.09, 63.7, 81.88
59, 20170101, 01:00:58, 57, 781.07, 3470.67, 1170.92, 3276, 450.23, 299.96, 0, 9.67, 5.34, 3.52, 18.62, 51.47, 1, 15.46, 1, 0, 55.21, 0, 0.01, 26.32, 28.09, 41.57, 1.1, 5.16, 0.56, 1.33, 0.46, 0.01, 1.2, 273, 264.99, 255, 260, 18.4, 11.1, 9.02, 17.55, 455, 98.13, 94.23, 85.07, 75.94, 6.98, 1547.27, 1583.07, 48.71, 2364.91, 71.6, 8.15, 47.39, 8, 4, 19.91, 32.77, 56.17, 85.36, 10.17, 66.83, 91.93, 2.88, 86.55, 82.82, 2.98, 2851.7, 736.75, 16.07, 78.03, 64.85, 28.98, 79.17, 7.68, 34.45, 6, 31.18, 1424.03, -0.1, 2.37, -56.76, 20.71, 1.22, 2.41, 56, 15.81, 36.57, 0, 33.79, 1447.16, 1322.47, 42.95, 76.69, 47.37, 75.7, 84.57, 16.01, 12.62, 12.92, 1007.6, 6.12, 1400, 4.05, 40.12, 0A000, 0.61, 1.68, 45, 44.95, 45.03, 45.02, 6.79, 76.28, 28.76, 91.2, 43.14, 7.66, 78.09, 63.7, 81.88
59, 20170101, 01:00:59, 42, 545.1, 4226.2, 1173.18, 3276, 450.3, 133.18, 0, 8.91, 5.29, 3.47, 24.32, 51.47, 1, 15.46, 1, 0, 55.21, 0, 0, 26.32, 28.09, 41.57, 1.1, 5.16, 0.54, 1.33, 0.46, 0.01, 1.2, 273, 264.97, 255, 260, 18.81, 10.79, 9.58, 17.55, 455, 98.13, 94.23, 85.07, 75.94, 6.98, 1546.81, 1591.92, 48.71, 2394.91, 71.6, 8.15, 47.39, 8, 4, 19.91, 32.97, 56.17, 85.36, 10.17, 66.83, 91.93, 2.88, 86.55, 82.82, 3.07, 2864.7, 736.75, 16.07, 78.03, 65.26, 30.39, 79.17, 7.43, 32.4, 6, 31.18, 1419.05, -0.1, 2.37, -57.76, 20.71, 1.22, 2.55, 56, 15.81, 36.57, 0, 33.79, 1468.16, 1324.47, 42.95, 76.69, 47.37, 75.7, 84.57, 16.01, 12.62, 15.92, 1105.6, 6.12, 1400, 3.73, 40.75, 0A000, 0.61, 1.69, 45, 45.04, 45, 44.99, 6.89, 83.15, 28.76, 91.2, 43.14, 7.66, 78.09, 63.7, 81.88
59, 20170101, 01:01:00, 48, 612.1, 4439.71, 1179.46, 3276, 450.28, 294.91, 0, 9.57, 5.64, 3.59, 13.76, 51.47, 1, 15.46, 1, 0, 55.21, 0, 0, 26.32, 28.09, 41.57, 1.1, 5.16, 0.56, 1.33, 0.46, -0, 1.2, 273, 264.84, 255, 260, 19.16, 10.71, 9.04, 17.55, 455, 98.13, 94.23, 85.07, 75.94, 6.98, 1545.19, 1554.85, 48.71, 2424.91, 71.6, 8.15, 47.39, 8, 4, 19.91, 34.26, 56.17, 85.36, 10.17, 66.83, 91.93, 2.88, 86.55, 82.82, 3.05, 2877.7, 736.75, 16.07, 78.03, 65.45, 33.27, 79.17, 7.63, 34.13, 5.9, 31.18, 1433.31, -0.1, 2.37, -58.76, 20.71, 1.22, 2.24, 56, 15.81, 36.57, 0, 33.79, 1489.16, 1326.47, 42.95, 76.69, 47.37, 75.7, 84.57, 16.01, 12.62, 14.96, 1203.6, 6.12, 1400, 4.54, 39.76, 0A000, 0.61, 1.72, 45, 44.87, 45.01, 44.97, 6.76, 80.95, 28.76, 91.2, 43.14, 7.66, 78.09, 63.7, 81.88
59, 20170101, 01:01:01, 54, 679.1, 4429.12, 1177.47, 3276, 450.52, 299.84, 0, 9.73, 5.71, 3.4, 10.29, 51.47, 1, 15.46, 1, 0, 55.21, 0, -0, 26.32, 28.09, 41.57, 1.1, 5.16, 0.56, 1.33, 0.46, 0, 1.2, 273, 265.04, 255, 260, 19.41, 11.09, 8.35, 17.55, 455, 98.13, 94.23, 85.07, 75.94, 6.98, 1559.42, 1655.55, 48.71, 2454.91, 71.6, 8.15, 47.39, 8, 4, 19.91, 33.62, 56.17, 85.36, 10.17, 66.83, 91.93, 2.88, 86.55, 82.82, 2.98, 2890.7, 736.75, 16.07, 78.03, 65.24, 35.4, 79.17, 7.5, 32.92, 5.9, 31.18, 1424.86, -0.1, 2.37, -59.76, 20.71, 1.22, 2.72, 56, 15.81, 36.57, 0, 33.79, 1510.16, 1328.47, 42.95, 76.69, 47.37, 75.7, 84.57, 16.01, 12.62, 9.45, 1301.6, 6.12, 1400, 3.84, 39.38, 0A000, 0.6, 1.7, 45, 45.22, 44.97, 45.06, 6.63, 79.57, 28.76, 91.2, 43.14, 7.66, 78.09, 63.7, 81.88
59, 20170101, 01:01:02, 60, 746.1, 3494.72, 1183.12, 3276, 449.83, 294.7, 0, 8.92, 5.41, 3.33, 22.89, 51.47, 1, 15.46, 1, 0, 55.21, 0, -0.01, 26.32, 28.09, 41.57, 1.1, 5.16, 0.54, 1.33, 0.46, 0, 1.2, 273, 265.03, 255, 260, 19.55, 10.78, 9.11, 17.55, 455, 98.13, 94.23, 85.07, 75.94, 6.98, 1538.11, 1595.23, 48.71, 2484.91, 71.6, 8.15, 47.39, 8, 4, 19.91, 32.35, 56.17, 85.36, 10.17, 66.83, 91.93, 2.88, 86.55, 82.82, 3.06, 2903.7, 736.75, 16.07, 78.03, 65.13, 33.19, 79.17, 7.63, 34.14, 6, 31.18, 1420.19, -0.1, 2.37, -60.76, 20.71, 1.22, 1.79, 56, 15.81, 36.57, 0, 33.79, 1531.16, 1330.47, 42.95, 76.69, 47.37, 75.7, 84.57, 16.01, 12.62, 12.45, 1399.6, 6.12, 1400, 3.68, 38.59, 0A000, 0.61, 1.7, 45, 45.1, 45.02, 44.97, 6.6, 82.34, 28.76, 91.2, 43.14, 7.66, 78.09, 63.7, 81.88
59, 20170101, 01:01:03, 66, 813.1, 4973.42, 1180.44, 3276, 450.3, 1.77, 0, 8.7, 5.3, 3.54, 4.73, 51.47, 1, 15.46, 1, 0, 55.21, 0, 0.02, 26.32, 28.09, 41.57, 1.1, 5.16, 0.54, 1.33, 0.46, 0.05, 1.2, 273, 264.95, 255, 260, 18.11, 11.16, 8.74, 17.55, 455, 98.13, 94.23, 85.07, 75.94, 6.98, 1566.12, 1546.78, 48.71, 2514.91, 71.6, 8.15, 47.39, 8, 4, 19.91, 33.55, 56.17, 85.36, 10.17, 66.83, 91.93, 2.88, 86.55, 82.82, 3.25, 2916.7, 736.75, 16.07, 78.03, 65.33, 36.52, 79.17, 7.5, 33.66, 6, 31.18, 1422, -0.1, 2.37, -61.76, 20.71, 1.22, 2.65, 56, 15.81, 36.57, 0, 33.79, 1552.16, 1332.47, 42.95, 76.69, 47.37, 75.7, 84.57, 16.01, 12.62, 13.55, 1497.6, 6.12, 1400, 3.81, 41.23, 0A000, 0.59, 1.7, 45, 45.12, 45, 44.99, 6.21, 81.85, 28.76, 91.2, 43.14, 7.66, 78.09, 63.7, 81.88